Date,Close
,INFY.NS
2015-01-01,386.0434265136719
2015-01-02,393.6296691894531
2015-01-05,390.2471618652344
2015-01-06,382.09375
2015-01-07,383.921875
2015-01-08,385.8576354980469
2015-01-09,405.6055603027344
2015-01-12,413.7198486328125
2015-01-13,408.4309387207031
2015-01-14,416.2030029296875
2015-01-15,417.29791259765625
2015-01-16,414.1793518066406
2015-01-19,411.0900573730469
2015-01-20,415.33282470703125
2015-01-21,424.2684020996094
2015-01-22,429.45953369140625
2015-01-23,433.09625244140625
2015-01-27,417.7378234863281
2015-01-28,419.31195068359375
2015-01-29,419.4975891113281
2015-01-30,418.7937316894531
2015-02-02,417.8063049316406
2015-02-03,414.6877136230469
2015-02-04,418.9795227050781
2015-02-05,428.9414367675781
2015-02-06,436.1171569824219
2015-02-09,439.71478271484375
2015-02-10,445.4632568359375
2015-02-11,446.7438659667969
2015-02-12,451.89593505859375
2015-02-13,448.943603515625
2015-02-16,445.5513000488281
2015-02-18,449.0218200683594
2015-02-19,454.53558349609375
2015-02-20,446.4017639160156
2015-02-23,442.9801025390625
2015-02-24,444.3878173828125
2015-02-25,453.1473388671875
2015-02-26,441.5136413574219
2015-02-27,443.0093688964844
2015-03-02,448.0832824707031
2015-03-03,449.2857971191406
2015-03-04,444.7494812011719
2015-03-05,439.4606628417969
2015-03-09,428.20819091796875
2015-03-10,429.76263427734375
2015-03-11,426.6733703613281
2015-03-12,433.7317810058594
2015-03-13,434.1423034667969
2015-03-16,443.1853942871094
2015-03-17,438.0724792480469
2015-03-18,435.9216613769531
2015-03-19,436.1073913574219
2015-03-20,441.38665771484375
2015-03-23,436.6940002441406
2015-03-24,432.3924560546875
2015-03-25,433.8882141113281
2015-03-26,419.663818359375
2015-03-27,430.57403564453125
2015-03-30,435.62835693359375
2015-03-31,433.7415771484375
2015-04-01,425.0602722167969
2015-04-06,425.8912048339844
2015-04-07,422.23486328125
2015-04-08,430.26123046875
2015-04-09,433.0865173339844
2015-04-10,436.79168701171875
2015-04-13,437.7400207519531
2015-04-15,432.8323974609375
2015-04-16,429.10760498046875
2015-04-17,426.0965576171875
2015-04-20,416.8872985839844
2015-04-21,418.9306640625
2015-04-22,417.97247314453125
2015-04-23,414.9027404785156
2015-04-24,390.1102600097656
2015-04-27,388.04754638671875
2015-04-28,383.4037780761719
2015-04-29,383.4527282714844
2015-04-30,379.75726318359375
2015-05-04,389.69970703125
2015-05-05,383.7655029296875
2015-05-06,375.80767822265625
2015-05-07,380.0995178222656
2015-05-08,382.8269348144531
2015-05-11,389.8072204589844
2015-05-12,380.70556640625
2015-05-13,382.5825500488281
2015-05-14,378.3006286621094
2015-05-15,383.5699768066406
2015-05-18,389.68994140625
2015-05-19,395.4187927246094
2015-05-20,400.2970886230469
2015-05-21,400.5218811035156
2015-05-22,400.13092041015625
2015-05-25,394.3336486816406
2015-05-26,392.4761657714844
2015-05-27,384.8898010253906
2015-05-28,394.29449462890625
2015-05-29,395.5752258300781
2015-06-01,400.3948669433594
2015-06-02,392.7401123046875
2015-06-03,395.13525390625
2015-06-04,396.5332946777344
2015-06-05,393.32666015625
2015-06-08,391.0585632324219
2015-06-09,389.5041198730469
2015-06-10,396.2301940917969
2015-06-11,390.5893249511719
2015-06-12,386.17047119140625
2015-06-15,393.18707275390625
2015-06-16,396.72015380859375
2015-06-17,395.2712097167969
2015-06-18,397.7523193359375
2015-06-19,395.1322326660156
2015-06-22,406.4461364746094
2015-06-23,397.1369934082031
2015-06-24,395.03302001953125
2015-06-25,393.18707275390625
2015-06-26,399.0622863769531
2015-06-29,393.0679626464844
2015-06-30,390.7654724121094
2015-07-01,395.9460754394531
2015-07-02,392.2144470214844
2015-07-03,393.1275329589844
2015-07-06,390.3486022949219
2015-07-07,389.2370910644531
2015-07-08,380.10662841796875
2015-07-09,372.3656005859375
2015-07-10,372.1670227050781
2015-07-13,377.1888732910156
2015-07-14,385.5650939941406
2015-07-15,390.62652587890625
2015-07-16,392.63128662109375
2015-07-17,397.7125244140625
2015-07-20,397.4744567871094
2015-07-21,441.69775390625
2015-07-22,437.92657470703125
2015-07-23,435.882080078125
2015-07-24,431.7535400390625
2015-07-27,422.90087890625
2015-07-28,421.9281921386719
2015-07-29,430.8801574707031
2015-07-30,424.76666259765625
2015-07-31,427.5653076171875
2015-08-03,428.3196105957031
2015-08-04,419.7052001953125
2015-08-05,431.25726318359375
2015-08-06,431.495361328125
2015-08-07,434.92919921875
2015-08-10,431.11834716796875
2015-08-11,440.3083801269531
2015-08-12,454.30181884765625
2015-08-13,459.7008361816406
2015-08-14,456.2272644042969
2015-08-17,453.40863037109375
2015-08-18,462.2215270996094
2015-08-19,466.667724609375
2015-08-20,450.3916320800781
2015-08-21,456.4852294921875
2015-08-24,433.52008056640625
2015-08-25,430.9793701171875
2015-08-26,422.6228942871094
2015-08-27,429.8481140136719
2015-08-28,441.0626525878906
2015-08-31,434.4530029296875
2015-09-01,432.309326171875
2015-09-02,436.45770263671875
2015-09-03,436.4179382324219
2015-09-04,426.3346862792969
2015-09-07,420.3006286621094
2015-09-08,420.32049560546875
2015-09-09,432.1902160644531
2015-09-10,428.9151306152344
2015-09-11,433.00390625
2015-09-14,436.5768737792969
2015-09-15,436.3583984375
2015-09-16,437.3311462402344
2015-09-18,438.4425964355469
2015-09-21,438.52197265625
2015-09-22,439.63348388671875
2015-09-23,443.1269226074219
2015-09-24,452.7734375
2015-09-28,438.8793029785156
2015-09-29,445.3500671386719
2015-09-30,461.268798828125
2015-10-01,465.6752624511719
2015-10-05,469.1289367675781
2015-10-06,458.35107421875
2015-10-07,449.85565185546875
2015-10-08,449.4388427734375
2015-10-09,463.432373046875
2015-10-12,445.7667541503906
2015-10-13,436.4378356933594
2015-10-14,435.7232666015625
2015-10-15,435.6240234375
2015-10-16,438.6488037109375
2015-10-19,445.4794616699219
2015-10-20,451.0882873535156
2015-10-21,456.0761413574219
2015-10-23,460.6833801269531
2015-10-26,461.5847473144531
2015-10-27,460.48309326171875
2015-10-28,462.00537109375
2015-10-29,458.7403564453125
2015-10-30,454.8941955566406
2015-11-02,453.1914978027344
2015-11-03,458.9206237792969
2015-11-04,455.4351806640625
2015-11-05,449.8664245605469
2015-11-06,456.0360412597656
2015-11-09,454.5538024902344
2015-11-10,442.2343444824219
2015-11-13,441.0124816894531
2015-11-16,432.7594909667969
2015-11-17,425.2677307128906
2015-11-18,408.64166259765625
2015-11-19,419.77911376953125
2015-11-20,421.6220397949219
2015-11-23,422.1428527832031
2015-11-24,417.11492919921875
2015-11-26,421.6220397949219
2015-11-27,427.2107238769531
2015-11-30,435.8443298339844
2015-12-01,432.2787170410156
2015-12-02,424.9472351074219
2015-12-03,423.7653503417969
2015-12-04,420.2799987792969
2015-12-07,419.1582336425781
2015-12-08,418.41693115234375
2015-12-09,411.9267578125
2015-12-10,419.5988464355469
2015-12-11,421.7821960449219
2015-12-14,428.4727478027344
2015-12-15,431.6978759765625
2015-12-16,439.029296875
2015-12-17,443.5364990234375
2015-12-18,433.9413757324219
2015-12-21,442.0740966796875
2015-12-22,434.1817626953125
2015-12-23,441.0324401855469
2015-12-24,439.2296142578125
2015-12-28,442.5950012207031
2015-12-29,442.5749206542969
2015-12-30,435.2033386230469
2015-12-31,442.8553161621094
2016-01-01,442.7953186035156
2016-01-04,432.2386779785156
2016-01-05,430.29559326171875
2016-01-06,428.4126892089844
2016-01-07,420.9810791015625
2016-01-08,425.98895263671875
2016-01-11,422.9440612792969
2016-01-12,420.64044189453125
2016-01-13,434.0415344238281
2016-01-14,453.9128112792969
2016-01-15,456.67706298828125
2016-01-18,453.4720153808594
2016-01-19,456.576904296875
2016-01-20,449.20538330078125
2016-01-21,455.5353698730469
2016-01-22,455.2148132324219
2016-01-25,455.77569580078125
2016-01-27,456.1161804199219
2016-01-28,452.5506286621094
2016-01-29,466.69287109375
2016-02-01,470.0780944824219
2016-02-02,470.95953369140625
2016-02-03,463.8082580566406
2016-02-04,472.64215087890625
2016-02-05,470.6189270019531
2016-02-08,461.0439758300781
2016-02-09,443.7566833496094
2016-02-10,444.11737060546875
2016-02-11,432.1385498046875
2016-02-12,434.5423278808594
2016-02-15,437.38677978515625
2016-02-16,432.3388366699219
2016-02-17,439.83062744140625
2016-02-18,450.0667419433594
2016-02-19,451.6090393066406
2016-02-22,451.3687438964844
2016-02-23,450.2669982910156
2016-02-24,450.847900390625
2016-02-25,444.8185119628906
2016-02-26,449.1653137207031
2016-02-29,434.3020324707031
2016-03-01,450.8879699707031
2016-03-02,463.12713623046875
2016-03-03,468.45556640625
2016-03-04,468.99639892578125
2016-03-08,466.11187744140625
2016-03-09,472.1413879394531
2016-03-10,457.7186279296875
2016-03-11,457.9189758300781
2016-03-14,457.1978454589844
2016-03-15,454.4736633300781
2016-03-16,461.7049865722656
2016-03-17,465.4307556152344
2016-03-18,478.11065673828125
2016-03-21,478.7116394042969
2016-03-22,476.7285461425781
2016-03-23,483.8798522949219
2016-03-28,482.718017578125
2016-03-29,479.65313720703125
2016-03-30,483.1385803222656
2016-03-31,488.08642578125
2016-04-01,482.9382629394531
2016-04-04,498.2622985839844
2016-04-05,488.68731689453125
2016-04-06,481.0352783203125
2016-04-07,473.3432312011719
2016-04-08,467.0332946777344
2016-04-11,474.3047790527344
2016-04-12,473.6236572265625
2016-04-13,469.8177185058594
2016-04-18,496.25921630859375
2016-04-20,498.222412109375
2016-04-21,491.29150390625
2016-04-22,485.261962890625
2016-04-25,487.1048278808594
2016-04-26,493.6351013183594
2016-04-27,496.84014892578125
2016-04-28,484.420654296875
2016-04-29,483.9998779296875
2016-05-02,481.1755676269531
2016-05-03,471.8609619140625
2016-05-04,476.287841796875
2016-05-05,477.7301330566406
2016-05-06,473.3432312011719
2016-05-09,480.37420654296875
2016-05-10,485.8829040527344
2016-05-11,481.4959411621094
2016-05-12,484.7611999511719
2016-05-13,483.65936279296875
2016-05-16,486.76416015625
2016-05-17,486.4637756347656
2016-05-18,484.7011413574219
2016-05-19,483.0584411621094
2016-05-20,481.39581298828125
2016-05-23,475.9472351074219
2016-05-24,475.8471984863281
2016-05-25,484.2203674316406
2016-05-26,494.43646240234375
2016-05-27,499.7846374511719
2016-05-30,507.8374938964844
2016-05-31,500.2453918457031
2016-06-01,504.071533203125
2016-06-02,505.41363525390625
2016-06-03,507.5570068359375
2016-06-06,507.4969177246094
2016-06-07,503.7509765625
2016-06-08,496.01885986328125
2016-06-09,480.47576904296875
2016-06-10,478.4898376464844
2016-06-13,478.61138916015625
2016-06-14,476.2201843261719
2016-06-15,482.2793884277344
2016-06-16,480.6784973144531
2016-06-17,478.0440979003906
2016-06-20,489.8988952636719
2016-06-21,488.8248596191406
2016-06-22,486.14990234375
2016-06-23,491.05401611328125
2016-06-24,484.1438293457031
2016-06-27,472.6535949707031
2016-06-28,469.79632568359375
2016-06-29,476.9700622558594
2016-06-30,474.5179748535156
2016-07-01,475.16650390625
2016-07-04,479.84759521484375
2016-07-05,476.4026184082031
2016-07-07,469.02618408203125
2016-07-08,469.4111633300781
2016-07-11,476.240478515625
2016-07-12,476.8484802246094
2016-07-13,483.83978271484375
2016-07-14,476.72686767578125
2016-07-15,434.697998046875
2016-07-18,438.5075988769531
2016-07-19,440.5340881347656
2016-07-20,438.9737548828125
2016-07-21,437.6767883300781
2016-07-22,434.6573791503906
2016-07-25,438.06182861328125
2016-07-26,441.2433776855469
2016-07-27,439.8856201171875
2016-07-28,436.7041015625
2016-07-29,435.2247009277344
2016-08-01,439.84515380859375
2016-08-02,439.25750732421875
2016-08-03,439.7032775878906
2016-08-04,434.3939208984375
2016-08-05,432.8537902832031
2016-08-08,437.1904602050781
2016-08-09,439.0953369140625
2016-08-10,438.669677734375
2016-08-11,436.643310546875
2016-08-12,430.6449890136719
2016-08-16,426.2880554199219
2016-08-17,418.7901306152344
2016-08-18,414.7776794433594
2016-08-19,413.92657470703125
2016-08-22,411.55560302734375
2016-08-23,421.36370849609375
2016-08-24,428.5577087402344
2016-08-25,419.94525146484375
2016-08-26,413.5009765625
2016-08-29,414.5345153808594
2016-08-30,421.6676940917969
2016-08-31,419.8236389160156
2016-09-01,420.5126647949219
2016-09-02,418.20245361328125
2016-09-06,423.5320129394531
2016-09-07,427.32159423828125
2016-09-08,420.5531921386719
2016-09-09,419.6817626953125
2016-09-12,427.1796875
2016-09-14,423.7751770019531
2016-09-15,422.3971862792969
2016-09-16,429.6723327636719
2016-09-19,430.0977783203125
2016-09-20,425.6193542480469
2016-09-21,427.88897705078125
2016-09-22,429.1251525878906
2016-09-23,422.5391540527344
2016-09-26,419.8438720703125
2016-09-27,421.404296875
2016-09-28,421.0800476074219
2016-09-29,417.1283874511719
2016-09-30,419.9046936035156
2016-10-03,420.73553466796875
2016-10-04,425.23431396484375
2016-10-05,422.11358642578125
2016-10-06,416.39892578125
2016-10-07,410.3801574707031
2016-10-10,417.4324035644531
2016-10-13,426.5109558105469
2016-10-14,416.29754638671875
2016-10-17,414.3724365234375
2016-10-18,421.1205139160156
2016-10-19,422.2351379394531
2016-10-20,420.1478576660156
2016-10-21,425.3298645019531
2016-10-24,420.74188232421875
2016-10-25,416.6864013671875
2016-10-26,415.45751953125
2016-10-27,411.0743408203125
2016-10-28,408.61651611328125
2016-11-01,405.31890869140625
2016-11-02,401.87786865234375
2016-11-03,396.0609130859375
2016-11-04,397.7610168457031
2016-11-07,400.60797119140625
2016-11-08,402.51275634765625
2016-11-09,392.5585632324219
2016-11-10,384.8163146972656
2016-11-11,377.50421142578125
2016-11-15,378.3235778808594
2016-11-16,385.4308166503906
2016-11-17,380.8837890625
2016-11-18,376.86932373046875
2016-11-21,373.2235107421875
2016-11-22,374.493408203125
2016-11-23,376.97174072265625
2016-11-24,381.0886535644531
2016-11-25,400.4237060546875
2016-11-28,401.3453063964844
2016-11-29,398.4164123535156
2016-11-30,399.6248779296875
2016-12-01,399.64532470703125
2016-12-02,395.09832763671875
2016-12-05,393.93084716796875
2016-12-06,395.91766357421875
2016-12-07,395.8766784667969
2016-12-08,403.3526306152344
2016-12-09,405.27789306640625
2016-12-12,400.36224365234375
2016-12-13,405.62615966796875
2016-12-14,409.53814697265625
2016-12-15,406.5068359375
2016-12-16,411.7501525878906
2016-12-19,411.5453796386719
2016-12-20,414.6177062988281
2016-12-21,410.2754821777344
2016-12-22,403.37310791015625
2016-12-23,404.9092102050781
2016-12-26,402.5742492675781
2016-12-27,409.2104797363281
2016-12-28,409.0260925292969
2016-12-29,406.5068359375
2016-12-30,413.9827575683594
2017-01-02,410.0911560058594
2017-01-03,407.1212463378906
2017-01-04,408.71893310546875
2017-01-05,408.06341552734375
2017-01-06,398.2730712890625
2017-01-09,397.4947204589844
2017-01-10,397.5766906738281
2017-01-11,396.9826354980469
2017-01-12,409.6610107421875
2017-01-13,399.7272644042969
2017-01-16,391.4730224609375
2017-01-17,391.37060546875
2017-01-18,389.48626708984375
2017-01-19,392.4766540527344
2017-01-20,388.6260070800781
2017-01-23,390.2645568847656
2017-01-24,387.3356018066406
2017-01-25,383.6693115234375
2017-01-27,385.9428405761719
2017-01-30,388.8923034667969
2017-01-31,380.3922119140625
2017-02-01,375.5379943847656
2017-02-02,383.3825988769531
2017-02-03,383.4645690917969
2017-02-06,383.1163024902344
2017-02-07,385.98382568359375
2017-02-08,383.62835693359375
2017-02-09,387.52001953125
2017-02-10,396.6549377441406
2017-02-13,403.2297058105469
2017-02-14,404.6020812988281
2017-02-15,402.18511962890625
2017-02-16,414.5971984863281
2017-02-17,409.6815490722656
2017-02-20,413.8393859863281
2017-02-21,415.2117004394531
2017-02-22,405.6055908203125
2017-02-23,413.2658386230469
2017-02-27,414.72015380859375
2017-02-28,414.72015380859375
2017-03-01,419.94305419921875
2017-03-02,419.1851806640625
2017-03-03,422.4213562011719
2017-03-06,423.52740478515625
2017-03-07,417.75146484375
2017-03-08,412.83575439453125
2017-03-09,414.3719177246094
2017-03-10,418.59124755859375
2017-03-14,423.8960876464844
2017-03-15,414.5357971191406
2017-03-16,421.45867919921875
2017-03-17,426.14910888671875
2017-03-20,418.4478454589844
2017-03-21,423.0972595214844
2017-03-22,420.9876708984375
2017-03-23,426.21044921875
2017-03-24,422.5032958984375
2017-03-27,421.45867919921875
2017-03-28,424.0393981933594
2017-03-29,422.6876220703125
2017-03-30,420.08642578125
2017-03-31,418.75506591796875
2017-04-03,413.2453918457031
2017-04-05,407.9815368652344
2017-04-06,409.4766845703125
2017-04-07,402.0827331542969
2017-04-10,390.5513610839844
2017-04-11,396.1838684082031
2017-04-12,396.8802490234375
2017-04-13,381.5392150878906
2017-04-17,378.8765869140625
2017-04-18,377.95489501953125
2017-04-19,376.5416564941406
2017-04-20,379.8597106933594
2017-04-21,378.38507080078125
2017-04-24,379.55242919921875
2017-04-25,380.69940185546875
2017-04-26,374.5138854980469
2017-04-27,379.01995849609375
2017-04-28,376.439208984375
2017-05-02,377.93438720703125
2017-05-03,382.7272033691406
2017-05-04,384.09954833984375
2017-05-05,381.5802001953125
2017-05-08,387.3151550292969
2017-05-09,387.78631591796875
2017-05-10,386.557373046875
2017-05-11,386.7416687011719
2017-05-12,394.9959411621094
2017-05-15,389.7934875488281
2017-05-16,391.20672607421875
2017-05-17,390.3055114746094
2017-05-18,393.9718322753906
2017-05-19,392.4151916503906
2017-05-22,393.8488464355469
2017-05-23,392.14886474609375
2017-05-24,391.12481689453125
2017-05-25,402.799560546875
2017-05-26,407.8791198730469
2017-05-29,403.5574035644531
2017-05-30,408.083984375
2017-05-31,400.2392578125
2017-06-01,404.024169921875
2017-06-02,403.2131652832031
2017-06-05,398.7627868652344
2017-06-06,407.3307189941406
2017-06-07,399.8233947753906
2017-06-08,397.8061828613281
2017-06-09,394.5411682128906
2017-06-12,400.8840637207031
2017-06-13,398.3677062988281
2017-06-14,398.7004089355469
2017-06-15,395.9969482421875
2017-06-16,391.06829833984375
2017-06-19,386.7427673339844
2017-06-20,392.44085693359375
2017-06-21,392.357666015625
2017-06-22,391.0267028808594
2017-06-23,392.3161315917969
2017-06-27,385.5781555175781
2017-06-28,384.60076904296875
2017-06-29,386.8883361816406
2017-06-30,389.1134948730469
2017-07-03,395.91375732421875
2017-07-04,400.17694091796875
2017-07-05,395.497802734375
2017-07-06,393.875732421875
2017-07-07,389.0511474609375
2017-07-10,398.0557556152344
2017-07-11,405.66705322265625
2017-07-12,404.4193115234375
2017-07-13,406.3741455078125
2017-07-14,404.2945251464844
2017-07-17,409.2855224609375
2017-07-18,409.9302673339844
2017-07-19,407.5386657714844
2017-07-20,403.2131652832031
2017-07-21,407.6426086425781
2017-07-24,411.989013671875
2017-07-25,413.3615417480469
2017-07-26,413.4447326660156
2017-07-27,403.87860107421875
2017-07-28,414.81732177734375
2017-07-31,420.5778503417969
2017-08-01,418.2279052734375
2017-08-02,413.15362548828125
2017-08-03,409.2647705078125
2017-08-04,409.1607666015625
2017-08-07,402.7140197753906
2017-08-08,400.8840637207031
2017-08-09,403.1715087890625
2017-08-10,408.1210021972656
2017-08-11,410.8037109375
2017-08-14,408.2041931152344
2017-08-16,405.60467529296875
2017-08-17,424.5914001464844
2017-08-18,383.9976806640625
2017-08-21,363.2640075683594
2017-08-22,364.095947265625
2017-08-23,371.33294677734375
2017-08-24,379.3809814453125
2017-08-28,391.3802795410156
2017-08-29,385.74456787109375
2017-08-30,385.41180419921875
2017-08-31,380.54559326171875
2017-09-01,382.6251220703125
2017-09-04,374.4107360839844
2017-09-05,375.1178283691406
2017-09-06,372.49749755859375
2017-09-07,372.5599060058594
2017-09-08,367.797607421875
2017-09-11,365.4684753417969
2017-09-12,367.6935729980469
2017-09-13,367.5688171386719
2017-09-14,371.1665954589844
2017-09-15,377.7588806152344
2017-09-18,378.1123962402344
2017-09-19,379.4226379394531
2017-09-20,379.6097106933594
2017-09-21,378.2995910644531
2017-09-22,373.62054443359375
2017-09-25,372.3935546875
2017-09-26,376.781494140625
2017-09-27,374.2443542480469
2017-09-28,372.6638488769531
2017-09-29,374.28594970703125
2017-10-03,375.8040466308594
2017-10-04,374.1611328125
2017-10-05,375.59613037109375
2017-10-06,382.7083740234375
2017-10-09,384.26800537109375
2017-10-10,389.07196044921875
2017-10-11,387.0962829589844
2017-10-12,385.6821594238281
2017-10-13,386.8466491699219
2017-10-16,390.54840087890625
2017-10-17,387.0130920410156
2017-10-18,384.4551696777344
2017-10-19,385.5366516113281
2017-10-23,390.7563781738281
2017-10-24,385.3493957519531
2017-10-25,389.009521484375
2017-10-26,394.0213623046875
2017-10-27,393.6054382324219
2017-10-30,392.6695251464844
2017-10-31,388.76861572265625
2017-11-01,390.96160888671875
2017-11-02,389.21148681640625
2017-11-03,390.79290771484375
2017-11-06,391.6574401855469
2017-11-07,402.9597473144531
2017-11-08,401.61016845703125
2017-11-09,402.5379943847656
2017-11-10,405.7220764160156
2017-11-13,401.46258544921875
2017-11-14,400.2607116699219
2017-11-15,401.3993225097656
2017-11-16,416.83453369140625
2017-11-17,409.4754638671875
2017-11-20,405.0894470214844
2017-11-21,407.4932861328125
2017-11-22,407.5143737792969
2017-11-23,418.03643798828125
2017-11-24,425.7540588378906
2017-11-27,421.19940185546875
2017-11-28,415.2741394042969
2017-11-29,414.43072509765625
2017-11-30,411.6473083496094
2017-12-01,404.35137939453125
2017-12-04,415.5482482910156
2017-12-05,415.1264953613281
2017-12-06,417.6358337402344
2017-12-07,421.6421813964844
2017-12-08,422.5067443847656
2017-12-11,423.96173095703125
2017-12-12,426.15472412109375
2017-12-13,423.3080139160156
2017-12-14,427.2511901855469
2017-12-15,431.38409423828125
2017-12-18,428.7272033691406
2017-12-19,423.3923645019531
2017-12-20,428.4109191894531
2017-12-21,431.02557373046875
2017-12-22,438.32147216796875
2017-12-26,436.7400207519531
2017-12-27,436.1706848144531
2017-12-28,435.7489929199219
2017-12-29,439.46014404296875
2018-01-01,435.87548828125
2018-01-02,434.2518005371094
2018-01-03,430.7093505859375
2018-01-04,428.22113037109375
2018-01-05,426.7873229980469
2018-01-08,436.9298095703125
2018-01-09,439.16497802734375
2018-01-10,443.76171875
2018-01-11,453.69342041015625
2018-01-12,454.8110046386719
2018-01-15,455.9496154785156
2018-01-16,473.53564453125
2018-01-17,485.87115478515625
2018-01-18,486.1241149902344
2018-01-19,482.22314453125
2018-01-22,484.9855041503906
2018-01-23,496.4142150878906
2018-01-24,500.083251953125
2018-01-25,495.6973876953125
2018-01-29,498.8604431152344
2018-01-30,493.694091796875
2018-01-31,485.0909118652344
2018-02-01,482.7081604003906
2018-02-02,482.13897705078125
2018-02-05,480.0091552734375
2018-02-06,467.1675720214844
2018-02-07,467.71588134765625
2018-02-08,478.3433532714844
2018-02-09,467.7580871582031
2018-02-12,465.0800476074219
2018-02-14,462.9502868652344
2018-02-15,469.99310302734375
2018-02-16,475.7286682128906
2018-02-19,477.2890625
2018-02-20,479.48199462890625
2018-02-21,483.8890380859375
2018-02-22,489.5191650390625
2018-02-23,487.3683776855469
2018-02-26,480.1778259277344
2018-02-27,485.0699157714844
2018-02-28,494.5166015625
2018-03-01,489.5191650390625
2018-03-05,487.4737548828125
2018-03-06,485.55487060546875
2018-03-07,482.4974365234375
2018-03-08,487.7900390625
2018-03-09,490.63677978515625
2018-03-12,500.062255859375
2018-03-13,499.239990234375
2018-03-14,497.9747314453125
2018-03-15,498.691650390625
2018-03-16,494.2214050292969
2018-03-19,483.6149597167969
2018-03-20,491.1217346191406
2018-03-21,492.36572265625
2018-03-22,489.75103759765625
2018-03-23,492.4078369140625
2018-03-26,487.19970703125
2018-03-27,486.6724853515625
2018-03-28,477.3101806640625
2018-04-02,479.5662841796875
2018-04-03,480.95806884765625
2018-04-04,474.1050109863281
2018-04-05,483.9524230957031
2018-04-06,475.285888671875
2018-04-09,468.6436462402344
2018-04-10,469.5503234863281
2018-04-11,474.1260681152344
2018-04-12,490.29937744140625
2018-04-13,494.0315246582031
2018-04-16,477.9004821777344
2018-04-17,474.5267639160156
2018-04-18,474.8429870605469
2018-04-19,477.75299072265625
2018-04-20,496.9837341308594
2018-04-23,500.8846130371094
2018-04-24,486.8832092285156
2018-04-25,489.35040283203125
2018-04-26,496.14013671875
2018-04-27,499.8303527832031
2018-04-30,505.86090087890625
2018-05-02,504.8277282714844
2018-05-03,498.71270751953125
2018-05-04,494.7274475097656
2018-05-07,498.902587890625
2018-05-08,491.54339599609375
2018-05-09,493.7152404785156
2018-05-10,492.57672119140625
2018-05-11,497.9535827636719
2018-05-14,501.5594177246094
2018-05-15,503.77349853515625
2018-05-16,501.8336181640625
2018-05-17,498.8604431152344
2018-05-18,498.98687744140625
2018-05-21,497.426513671875
2018-05-22,503.47821044921875
2018-05-23,499.703857421875
2018-05-24,514.9281005859375
2018-05-25,518.0067749023438
2018-05-28,512.1447143554688
2018-05-29,513.1148071289062
2018-05-30,511.0060729980469
2018-05-31,519.4828491210938
2018-06-01,514.8438720703125
2018-06-04,522.6879272460938
2018-06-05,514.8648071289062
2018-06-06,521.8655395507812
2018-06-07,528.1914672851562
2018-06-08,531.3965454101562
2018-06-11,532.3875732421875
2018-06-12,530.742919921875
2018-06-13,537.6170654296875
2018-06-14,531.359130859375
2018-06-15,549.1683959960938
2018-06-18,543.2319946289062
2018-06-19,532.1735229492188
2018-06-20,532.8380126953125
2018-06-21,534.2952270507812
2018-06-22,534.8525390625
2018-06-25,545.3964233398438
2018-06-26,547.7111206054688
2018-06-27,544.3464965820312
2018-06-28,552.7472534179688
2018-06-29,560.291015625
2018-07-02,572.0780029296875
2018-07-03,580.2431640625
2018-07-04,576.5784912109375
2018-07-05,550.346923828125
2018-07-06,550.4542236328125
2018-07-09,556.7120361328125
2018-07-10,557.804931640625
2018-07-11,565.97021484375
2018-07-12,554.7831420898438
2018-07-13,564.6629028320312
2018-07-16,571.2850341796875
2018-07-17,569.1634521484375
2018-07-18,566.8703002929688
2018-07-19,564.3628540039062
2018-07-20,577.8214721679688
2018-07-23,581.1862182617188
2018-07-24,590.2727661132812
2018-07-25,593.101806640625
2018-07-26,588.6011962890625
2018-07-27,588.6868896484375
2018-07-30,579.064453125
2018-07-31,585.1080322265625
2018-08-01,580.371826171875
2018-08-02,580.200439453125
2018-08-03,584.6793823242188
2018-08-06,583.20068359375
2018-08-07,586.32958984375
2018-08-08,584.100830078125
2018-08-09,591.4730224609375
2018-08-10,593.830322265625
2018-08-13,603.8172607421875
2018-08-14,603.6243896484375
2018-08-16,612.7325439453125
2018-08-17,613.0755004882812
2018-08-20,593.3160400390625
2018-08-21,593.1875
2018-08-23,598.9524536132812
2018-08-24,590.765869140625
2018-08-27,606.6676025390625
2018-08-28,610.6537475585938
2018-08-29,604.3959350585938
2018-08-30,607.0103759765625
2018-08-31,617.68310546875
2018-09-03,614.7470092773438
2018-09-04,631.9133911132812
2018-09-05,625.6983032226562
2018-09-06,623.3409423828125
2018-09-07,628.1842041015625
2018-09-10,626.5126342773438
2018-09-11,629.4700927734375
2018-09-12,636.8424072265625
2018-09-14,628.9558715820312
2018-09-17,622.312255859375
2018-09-18,616.4400634765625
2018-09-19,616.9973754882812
2018-09-21,604.6102294921875
2018-09-24,615.7113647460938
2018-09-25,622.5264282226562
2018-09-26,615.3684692382812
2018-09-27,621.326416015625
2018-09-28,625.8268432617188
2018-10-01,640.0570068359375
2018-10-03,624.4981689453125
2018-10-04,606.239013671875
2018-10-05,621.15478515625
2018-10-08,612.453857421875
2018-10-09,615.2828369140625
2018-10-10,600.45263671875
2018-10-11,577.221435546875
2018-10-12,581.893310546875
2018-10-15,599.0381469726562
2018-10-16,595.994873046875
2018-10-17,604.6530151367188
2018-10-19,585.9652709960938
2018-10-22,582.8792114257812
2018-10-23,563.7198486328125
2018-10-24,557.033447265625
2018-10-25,562.189697265625
2018-10-26,549.0609741210938
2018-10-29,558.723388671875
2018-10-30,571.5919799804688
2018-10-31,594.8160400390625
2018-11-01,577.74462890625
2018-11-02,573.8883056640625
2018-11-05,577.1380615234375
2018-11-06,577.5280151367188
2018-11-07,585.3704223632812
2018-11-09,571.5051879882812
2018-11-12,575.5781860351562
2018-11-13,576.8779907226562
2018-11-14,566.0458374023438
2018-11-15,568.8189086914062
2018-11-16,564.0093994140625
2018-11-19,564.7459106445312
2018-11-20,555.8203125
2018-11-21,536.4956665039062
2018-11-22,537.9254760742188
2018-11-26,538.5320434570312
2018-11-27,553.65380859375
2018-11-28,577.484619140625
2018-11-29,572.848388671875
2018-11-30,578.3944702148438
2018-12-03,580.9075317382812
2018-12-04,593.8195190429688
2018-12-05,590.4832153320312
2018-12-06,579.3043212890625
2018-12-07,591.6964111328125
2018-12-10,579.9109497070312
2018-12-11,584.5038452148438
2018-12-12,587.9700927734375
2018-12-13,604.6517944335938
2018-12-14,611.8441772460938
2018-12-17,601.7486572265625
2018-12-18,586.3236083984375
2018-12-19,576.141357421875
2018-12-20,578.0479125976562
2018-12-21,559.979736328125
2018-12-24,562.4061889648438
2018-12-26,558.11669921875
2018-12-27,569.1654663085938
2018-12-28,569.2954711914062
2018-12-31,571.028564453125
2019-01-01,576.314697265625
2019-01-02,579.781005859375
2019-01-03,579.8676147460938
2019-01-04,572.848388671875
2019-01-07,582.0775146484375
2019-01-08,580.6474609375
2019-01-09,585.890380859375
2019-01-10,589.0100708007812
2019-01-11,592.3030395507812
2019-01-14,608.2478637695312
2019-01-15,629.6524047851562
2019-01-16,638.4913330078125
2019-01-17,635.5016479492188
2019-01-18,633.4219970703125
2019-01-21,645.5972900390625
2019-01-22,645.9005737304688
2019-01-23,634.0284423828125
2019-01-24,634.3318481445312
2019-01-25,632.9019775390625
2019-01-28,630.8222045898438
2019-01-29,630.7788696289062
2019-01-30,629.0457763671875
2019-01-31,649.5402221679688
2019-02-01,656.03955078125
2019-02-04,655.04296875
2019-02-05,654.133056640625
2019-02-06,661.4556274414062
2019-02-07,662.0621337890625
2019-02-08,659.3758544921875
2019-02-11,661.0222778320312
2019-02-12,650.3201293945312
2019-02-14,641.3076782226562
2019-02-15,642.9541625976562
2019-02-18,642.17431640625
2019-02-19,627.6591796875
2019-02-20,641.8711547851562
2019-02-21,635.58837890625
2019-02-22,636.8883056640625
2019-02-25,654.1763305664062
2019-02-26,643.4309692382812
2019-02-27,637.1481323242188
2019-02-28,636.324951171875
2019-03-01,642.9109497070312
2019-03-05,634.7650756835938
2019-03-06,634.7650756835938
2019-03-07,626.4893188476562
2019-03-08,617.3035278320312
2019-03-11,616.3504028320312
2019-03-12,612.6240844726562
2019-03-13,613.924072265625
2019-03-14,613.8373413085938
2019-03-15,622.6763305664062
2019-03-18,615.4404907226562
2019-03-19,625.8827514648438
2019-03-20,640.3544921875
2019-03-22,643.9508056640625
2019-03-25,637.1481323242188
2019-03-26,630.6488647460938
2019-03-27,632.3388061523438
2019-03-28,639.35791015625
2019-04-01,654.3497314453125
2019-04-02,658.0759887695312
2019-04-03,652.7898559570312
2019-04-04,648.1103515625
2019-04-05,657.9893188476562
2019-04-08,664.8784790039062
2019-04-09,659.1159057617188
2019-04-10,652.27001953125
2019-04-11,643.6041870117188
2019-04-12,647.9803466796875
2019-04-15,630.4323120117188
2019-04-16,627.48583984375
2019-04-18,621.3765258789062
2019-04-22,624.8427124023438
2019-04-23,631.038818359375
2019-04-24,638.1880493164062
2019-04-25,631.3422241210938
2019-04-26,639.5313720703125
2019-04-30,651.1000366210938
2019-05-02,633.2919311523438
2019-05-03,627.0526733398438
2019-05-06,622.54638671875
2019-05-07,627.8759765625
2019-05-08,623.36962890625
2019-05-09,624.8427124023438
2019-05-10,621.2031860351562
2019-05-13,623.6729736328125
2019-05-14,618.603515625
2019-05-15,620.5532836914062
2019-05-16,635.2850341796875
2019-05-17,627.312744140625
2019-05-20,626.0128173828125
2019-05-21,614.6605834960938
2019-05-22,615.0505981445312
2019-05-23,607.5113525390625
2019-05-24,614.5739135742188
2019-05-27,613.62060546875
2019-05-28,630.9522094726562
2019-05-29,630.6921997070312
2019-05-30,635.675048828125
2019-05-31,639.314697265625
2019-06-03,645.2940063476562
2019-06-04,637.1914672851562
2019-06-06,637.4514770507812
2019-06-07,640.4844360351562
2019-06-10,652.963134765625
2019-06-11,654.1763305664062
2019-06-12,653.2232055664062
2019-06-13,652.65185546875
2019-06-14,650.7185668945312
2019-06-17,650.8064575195312
2019-06-18,659.2430419921875
2019-06-19,660.7808837890625
2019-06-20,663.4173583984375
2019-06-21,659.2870483398438
2019-06-24,655.156494140625
2019-06-25,657.44140625
2019-06-26,649.6199951171875
2019-06-27,642.0181884765625
2019-06-28,643.2925415039062
2019-07-01,642.6773681640625
2019-07-02,650.3231201171875
2019-07-03,642.6773681640625
2019-07-04,644.8743896484375
2019-07-05,630.9890747070312
2019-07-08,630.6375732421875
2019-07-09,628.7921142578125
2019-07-10,630.3299560546875
2019-07-11,634.06494140625
2019-07-12,638.6788330078125
2019-07-15,684.9044189453125
2019-07-16,689.7379150390625
2019-07-17,697.9110107421875
2019-07-18,696.6366577148438
2019-07-19,690.2212524414062
2019-07-22,689.3424682617188
2019-07-23,694.3077392578125
2019-07-24,691.0120849609375
2019-07-25,698.2183837890625
2019-07-26,691.6273803710938
2019-07-29,695.5380859375
2019-07-30,696.6366577148438
2019-07-31,697.4715576171875
2019-08-01,675.6767578125
2019-08-02,681.6088256835938
2019-08-05,682.57568359375
2019-08-06,680.5982055664062
2019-08-07,682.0482177734375
2019-08-08,693.1653442382812
2019-08-09,694.1318359375
2019-08-13,672.07373046875
2019-08-14,680.9058227539062
2019-08-16,680.6860961914062
2019-08-19,683.410400390625
2019-08-20,696.6804809570312
2019-08-21,702.5686645507812
2019-08-22,699.2731323242188
2019-08-23,704.9854125976562
2019-08-26,705.2927856445312
2019-08-27,689.562255859375
2019-08-28,705.2490234375
2019-08-29,709.1597290039062
2019-08-30,716.1463623046875
2019-09-03,715.5751953125
2019-09-04,721.7706298828125
2019-09-05,732.9756469726562
2019-09-06,738.3364868164062
2019-09-09,728.6253662109375
2019-09-11,720.7161254882812
2019-09-12,717.4645385742188
2019-09-13,728.8012084960938
2019-09-16,727.3950805664062
2019-09-17,730.514892578125
2019-09-18,729.2844848632812
2019-09-19,721.2434692382812
2019-09-20,707.446044921875
2019-09-23,671.7221069335938
2019-09-24,697.8229370117188
2019-09-25,696.5926513671875
2019-09-26,687.7166748046875
2019-09-27,687.4091186523438
2019-09-30,708.017333984375
2019-10-01,697.3834838867188
2019-10-03,690.39697265625
2019-10-04,697.2957153320312
2019-10-07,693.8683471679688
2019-10-09,688.683349609375
2019-10-10,688.156005859375
2019-10-11,716.0584106445312
2019-10-14,690.83642578125
2019-10-15,675.1934204101562
2019-10-16,677.9617919921875
2019-10-17,676.2481689453125
2019-10-18,674.798095703125
2019-10-22,565.5613403320312
2019-10-23,578.9539794921875
2019-10-24,565.3832397460938
2019-10-25,567.2521362304688
2019-10-27,577.3966674804688
2019-10-29,578.99853515625
2019-10-30,587.8527221679688
2019-10-31,610.099609375
2019-11-01,612.1464233398438
2019-11-04,630.9227905273438
2019-11-05,619.443359375
2019-11-06,633.8594970703125
2019-11-07,640.8004150390625
2019-11-08,630.16650390625
2019-11-11,626.8294067382812
2019-11-13,615.2163696289062
2019-11-14,627.6302490234375
2019-11-15,626.3843994140625
2019-11-18,627.5413208007812
2019-11-19,634.3488159179688
2019-11-20,634.4822387695312
2019-11-21,634.7047729492188
2019-11-22,616.8627319335938
2019-11-25,621.2230834960938
2019-11-26,614.5491333007812
2019-11-27,619.132080078125
2019-11-28,624.5601196289062
2019-11-29,619.6658935546875
2019-12-02,616.4177856445312
2019-12-03,621.4456176757812
2019-12-04,630.789306640625
2019-12-05,636.1285400390625
2019-12-06,636.3510131835938
2019-12-09,638.2642211914062
2019-12-10,635.861572265625
2019-12-11,641.6456909179688
2019-12-12,624.7825927734375
2019-12-13,632.969482421875
2019-12-16,635.3722534179688
2019-12-17,649.3433227539062
2019-12-18,651.7904052734375
2019-12-19,650.3665161132812
2019-12-20,650.9895629882812
2019-12-23,654.9494018554688
2019-12-24,652.6358032226562
2019-12-26,648.6758422851562
2019-12-27,655.794921875
2019-12-30,652.1909790039062
2019-12-31,650.633544921875
2020-01-01,655.705810546875
2020-01-02,653.7926025390625
2020-01-03,663.84814453125
2020-01-06,657.4855346679688
2020-01-07,647.741455078125
2020-01-08,639.1096801757812
2020-01-09,647.4299926757812
2020-01-10,656.86279296875
2020-01-13,688.364501953125
2020-01-14,690.233154296875
2020-01-15,683.0250244140625
2020-01-16,682.5357666015625
2020-01-17,683.2921142578125
2020-01-20,683.8260498046875
2020-01-21,678.5313110351562
2020-01-22,685.3832397460938
2020-01-23,697.9750366210938
2020-01-24,696.5512084960938
2020-01-27,692.413330078125
2020-01-28,692.32421875
2020-01-29,702.73583984375
2020-01-30,694.7269897460938
2020-01-31,690.5000610351562
2020-02-03,682.8916015625
2020-02-04,701.0895385742188
2020-02-05,698.1530151367188
2020-02-06,686.4066162109375
2020-02-07,691.7012939453125
2020-02-10,688.0528564453125
2020-02-11,688.364501953125
2020-02-12,695.0383911132812
2020-02-13,705.005126953125
2020-02-14,699.84375
2020-02-17,702.513427734375
2020-02-18,709.8104248046875
2020-02-19,712.302001953125
2020-02-20,709.23193359375
2020-02-24,708.2086181640625
2020-02-25,710.477783203125
2020-02-26,696.5512084960938
2020-02-27,692.1907958984375
2020-02-28,651.1229858398438
2020-03-02,659.4434204101562
2020-03-03,664.7380981445312
2020-03-04,675.1942138671875
2020-03-05,671.501220703125
2020-03-06,657.5745849609375
2020-03-09,626.8739013671875
2020-03-11,610.4556274414062
2020-03-12,561.6903686523438
2020-03-13,571.6124267578125
2020-03-16,518.9318237304688
2020-03-17,493.83721923828125
2020-03-18,475.46124267578125
2020-03-19,485.47235107421875
2020-03-20,520.7560424804688
2020-03-23,468.4757385253906
2020-03-24,524.849365234375
2020-03-25,539.4434204101562
2020-03-26,572.19091796875
2020-03-27,580.8226928710938
2020-03-30,557.6859741210938
2020-03-31,570.8561401367188
2020-04-01,536.4178466796875
2020-04-03,521.2009887695312
2020-04-07,568.6314697265625
2020-04-08,562.04638671875
2020-04-09,566.184326171875
2020-04-13,567.2076416015625
2020-04-15,568.67578125
2020-04-16,555.1498413085938
2020-04-17,559.5101318359375
2020-04-20,581.356689453125
2020-04-21,563.4700927734375
2020-04-22,571.1676025390625
2020-04-23,604.493408203125
2020-04-24,585.5390014648438
2020-04-27,591.4122314453125
2020-04-28,587.9417724609375
2020-04-29,602.0462036132812
2020-04-30,636.7069091796875
2020-05-04,599.5101928710938
2020-05-05,599.5101928710938
2020-05-06,592.569091796875
2020-05-07,591.7236938476562
2020-05-08,599.9551391601562
2020-05-11,607.697021484375
2020-05-12,611.9240112304688
2020-05-13,617.7081909179688
2020-05-14,585.672607421875
2020-05-15,580.4667358398438
2020-05-18,590.7894287109375
2020-05-19,594.9718017578125
2020-05-20,595.817138671875
2020-05-21,598.1753540039062
2020-05-22,616.1063842773438
2020-05-26,605.6057739257812
2020-05-27,627.7637329101562
2020-05-28,629.4989624023438
2020-05-29,623.2752685546875
2020-06-01,630.9872436523438
2020-06-02,638.6992797851562
2020-06-03,632.791259765625
2020-06-04,638.383544921875
2020-06-05,634.5952758789062
2020-06-08,650.19970703125
2020-06-09,647.2681884765625
2020-06-10,645.6897583007812
2020-06-11,634.9560546875
2020-06-12,624.222412109375
2020-06-15,620.1634521484375
2020-06-16,632.4755249023438
2020-06-17,634.6854248046875
2020-06-18,643.9308471679688
2020-06-19,636.3992309570312
2020-06-22,634.7305908203125
2020-06-23,650.0193481445312
2020-06-24,644.15625
2020-06-25,631.8441772460938
2020-06-26,674.8690795898438
2020-06-29,660.0314331054688
2020-06-30,663.8197021484375
2020-07-01,660.1665649414062
2020-07-02,682.4457397460938
2020-07-03,687.947998046875
2020-07-06,689.1205444335938
2020-07-07,716.3156127929688
2020-07-08,698.7718505859375
2020-07-09,705.0858154296875
2020-07-10,705.2211303710938
2020-07-13,718.931396484375
2020-07-14,706.48388671875
2020-07-15,749.5088500976562
2020-07-16,821.7131958007812
2020-07-17,814.6325073242188
2020-07-20,842.7294921875
2020-07-21,844.9393920898438
2020-07-22,827.9369506835938
2020-07-23,818.9620971679688
2020-07-24,832.4016723632812
2020-07-27,855.4926147460938
2020-07-28,868.481201171875
2020-07-29,860.634033203125
2020-07-30,867.218505859375
2020-07-31,871.3226928710938
2020-08-03,863.114501953125
2020-08-04,856.7553100585938
2020-08-05,852.110107421875
2020-08-06,875.6972045898438
2020-08-07,857.7025756835938
2020-08-10,858.1083374023438
2020-08-11,855.4926147460938
2020-08-12,861.3555908203125
2020-08-13,857.97314453125
2020-08-14,860.137939453125
2020-08-17,863.6556396484375
2020-08-18,872.7206420898438
2020-08-19,865.279296875
2020-08-20,861.5360717773438
2020-08-21,855.8084716796875
2020-08-24,854.545654296875
2020-08-25,846.1570434570312
2020-08-26,857.6123046875
2020-08-27,854.2298583984375
2020-08-28,843.5863647460938
2020-08-31,837.5881958007812
2020-09-01,824.5543823242188
2020-09-02,833.4390258789062
2020-09-03,843.85693359375
2020-09-04,829.0643310546875
2020-09-07,834.3861694335938
2020-09-08,847.239501953125
2020-09-09,836.8214721679688
2020-09-10,847.9158935546875
2020-09-11,853.01220703125
2020-09-14,882.50732421875
2020-09-15,886.1603393554688
2020-09-16,903.5687255859375
2020-09-17,911.912109375
2020-09-18,903.9295654296875
2020-09-21,910.9200439453125
2020-09-22,908.7553100585938
2020-09-23,919.8046264648438
2020-09-24,879.8012084960938
2020-09-25,912.3180541992188
2020-09-28,911.3709716796875
2020-09-29,910.1080932617188
2020-09-30,909.431640625
2020-10-01,917.9104614257812
2020-10-05,945.9171142578125
2020-10-06,952.2761840820312
2020-10-07,962.0177612304688
2020-10-08,986.5066528320312
2020-10-09,998.3228149414062
2020-10-12,1021.1431884765625
2020-10-13,1044.3243408203125
2020-10-14,1025.56298828125
2020-10-15,999.6306762695312
2020-10-16,1016.9940185546875
2020-10-19,1015.5509033203125
2020-10-20,1026.0137939453125
2020-10-21,1035.8004150390625
2020-10-22,1018.3922729492188
2020-10-23,1023.3605346679688
2020-10-26,1014.1984252929688
2020-10-27,994.5062255859375
2020-10-28,981.4691772460938
2020-10-29,979.9191284179688
2020-10-30,966.9276733398438
2020-11-02,977.5944213867188
2020-11-03,968.70556640625
2020-11-04,997.3323364257812
2020-11-05,1006.49462890625
2020-11-06,1014.4718627929688
2020-11-09,1036.169921875
2020-11-10,994.6884765625
2020-11-11,1023.3605346679688
2020-11-12,1019.0303955078125
2020-11-13,1024.91064453125
2020-11-14,1033.343505859375
2020-11-17,1024.454833984375
2020-11-18,1012.4662475585938
2020-11-19,999.885009765625
2020-11-20,1005.9020385742188
2020-11-23,1039.1783447265625
2020-11-24,1039.360595703125
2020-11-25,1017.1159057617188
2020-11-26,1014.8819580078125
2020-11-27,1002.847900390625
2020-12-01,1037.3548583984375
2020-12-02,1040.1357421875
2020-12-03,1026.9619140625
2020-12-04,1034.4375
2020-12-07,1042.5059814453125
2020-12-08,1051.4862060546875
2020-12-09,1071.406005859375
2020-12-10,1064.6141357421875
2020-12-11,1060.4659423828125
2020-12-14,1061.697021484375
2020-12-15,1052.6258544921875
2020-12-16,1062.745361328125
2020-12-17,1056.8194580078125
2020-12-18,1084.716796875
2020-12-21,1073.32080078125
2020-12-22,1112.7052001953125
2020-12-23,1142.380615234375
2020-12-24,1126.8819580078125
2020-12-28,1130.756591796875
2020-12-29,1139.87353515625
2020-12-30,1136.6824951171875
2020-12-31,1144.8878173828125
2021-01-01,1149.126708984375
2021-01-04,1174.4718017578125
2021-01-05,1179.5316162109375
2021-01-06,1168.8648681640625
2021-01-07,1150.6768798828125
2021-01-08,1196.2152099609375
2021-01-11,1254.654052734375
2021-01-12,1250.5968017578125
2021-01-13,1264.636962890625
2021-01-14,1249.457275390625
2021-01-15,1226.1640625
2021-01-18,1196.1697998046875
2021-01-19,1200.3634033203125
2021-01-20,1221.1497802734375
2021-01-21,1221.377685546875
2021-01-22,1222.4261474609375
2021-01-25,1208.067138671875
2021-01-27,1186.095703125
2021-01-28,1163.4859619140625
2021-01-29,1129.6170654296875
2021-02-01,1149.537353515625
2021-02-02,1158.9732666015625
2021-02-03,1171.1895751953125
2021-02-04,1166.35791015625
2021-02-05,1159.748046875
2021-02-08,1188.4202880859375
2021-02-09,1190.2437744140625
2021-02-10,1181.9930419921875
2021-02-11,1178.4832763671875
2021-02-12,1194.118408203125
2021-02-15,1193.981689453125
2021-02-16,1176.4320068359375
2021-02-17,1168.135498046875
2021-02-18,1178.3006591796875
2021-02-19,1177.25244140625
2021-02-22,1153.4573974609375
2021-02-23,1154.5059814453125
2021-02-24,1161.75390625
2021-02-25,1161.981689453125
2021-02-26,1142.6085205078125
2021-03-01,1155.0985107421875
2021-03-02,1189.286376953125
2021-03-03,1224.8878173828125
2021-03-04,1212.8533935546875
2021-03-05,1200.4088134765625
2021-03-08,1217.7763671875
2021-03-09,1226.7110595703125
2021-03-10,1247.31494140625
2021-03-12,1253.423095703125
2021-03-15,1252.283447265625
2021-03-16,1261.7650146484375
2021-03-17,1264.5001220703125
2021-03-18,1219.00732421875
2021-03-19,1225.7080078125
2021-03-22,1249.7308349609375
2021-03-23,1250.414794921875
2021-03-24,1234.186767578125
2021-03-25,1215.9986572265625
2021-03-26,1218.1866455078125
2021-03-30,1262.9503173828125
2021-03-31,1247.2237548828125
2021-04-01,1262.8590087890625
2021-04-05,1285.3775634765625
2021-04-06,1286.4261474609375
2021-04-07,1303.884765625
2021-04-08,1312.682373046875
2021-04-09,1313.776611328125
2021-04-12,1299.8277587890625
2021-04-13,1273.753662109375
2021-04-15,1240.568603515625
2021-04-16,1234.186767578125
2021-04-19,1242.2095947265625
2021-04-20,1231.9986572265625
2021-04-22,1231.7706298828125
2021-04-23,1215.9986572265625
2021-04-26,1224.8878173828125
2021-04-27,1229.400390625
2021-04-28,1236.238037109375
2021-04-29,1236.55712890625
2021-04-30,1234.7335205078125
2021-05-03,1232.6370849609375
2021-05-04,1211.9873046875
2021-05-05,1223.0186767578125
2021-05-06,1241.3433837890625
2021-05-07,1233.0928955078125
2021-05-10,1221.240966796875
2021-05-11,1213.126953125
2021-05-12,1209.7994384765625
2021-05-14,1200.135498046875
2021-05-17,1211.9873046875
2021-05-18,1221.651123046875
2021-05-19,1218.916015625
2021-05-20,1221.012939453125
2021-05-21,1234.87060546875
2021-05-24,1228.990234375
2021-05-25,1241.3433837890625
2021-05-26,1273.8446044921875
2021-05-27,1278.4033203125
2021-05-28,1280.9559326171875
2021-05-31,1284.36572265625
2021-06-01,1278.3294677734375
2021-06-02,1270.45068359375
2021-06-03,1280.58740234375
2021-06-04,1276.9012451171875
2021-06-07,1280.58740234375
2021-06-08,1302.05859375
2021-06-09,1304.224365234375
2021-06-10,1312.51806640625
2021-06-11,1333.34423828125
2021-06-14,1347.074951171875
2021-06-15,1358.225341796875
2021-06-16,1364.3992919921875
2021-06-17,1377.9459228515625
2021-06-18,1385.31787109375
2021-06-21,1382.553466796875
2021-06-22,1393.19677734375
2021-06-23,1385.1795654296875
2021-06-24,1436.8306884765625
2021-06-25,1450.6534423828125
2021-06-28,1448.4417724609375
2021-06-29,1440.3785400390625
2021-06-30,1456.7353515625
2021-07-01,1437.9365234375
2021-07-02,1444.7557373046875
2021-07-05,1455.0306396484375
2021-07-06,1439.59521484375
2021-07-07,1441.806884765625
2021-07-08,1438.259033203125
2021-07-09,1440.2403564453125
2021-07-12,1426.37158203125
2021-07-13,1423.698974609375
2021-07-14,1453.141357421875
2021-07-15,1456.7353515625
2021-07-16,1433.3751220703125
2021-07-19,1420.7041015625
2021-07-20,1428.39892578125
2021-07-22,1465.39794921875
2021-07-23,1465.628173828125
2021-07-26,1478.0225830078125
2021-07-27,1476.7784423828125
2021-07-28,1479.589111328125
2021-07-29,1490.09423828125
2021-07-30,1484.104736328125
2021-08-02,1503.50244140625
2021-08-03,1525.2962646484375
2021-08-04,1519.8133544921875
2021-08-05,1523.7760009765625
2021-08-06,1520.6888427734375
2021-08-09,1532.7608642578125
2021-08-10,1545.6158447265625
2021-08-11,1545.892333984375
2021-08-12,1556.99658203125
2021-08-13,1577.822998046875
2021-08-16,1570.6351318359375
2021-08-17,1604.9617919921875
2021-08-18,1597.4051513671875
2021-08-20,1596.9444580078125
2021-08-23,1602.2890625
2021-08-24,1585.794189453125
2021-08-25,1599.3404541015625
2021-08-26,1592.1063232421875
2021-08-27,1574.68994140625
2021-08-30,1564.783447265625
2021-08-31,1572.524169921875
2021-09-01,1546.0765380859375
2021-09-02,1556.5357666015625
2021-09-03,1567.179443359375
2021-09-06,1594.594482421875
2021-09-07,1572.7086181640625
2021-09-08,1560.360107421875
2021-09-09,1558.8397216796875
2021-09-13,1559.1160888671875
2021-09-14,1553.8175048828125
2021-09-15,1577.131591796875
2021-09-16,1568.654052734375
2021-09-17,1558.563232421875
2021-09-20,1555.3839111328125
2021-09-21,1583.5823974609375
2021-09-22,1582.154052734375
2021-09-23,1605.791015625
2021-09-24,1625.4193115234375
2021-09-27,1586.0706787109375
2021-09-28,1554.69287109375
2021-09-29,1559.438720703125
2021-09-30,1543.726806640625
2021-10-01,1534.4656982421875
2021-10-04,1546.9981689453125
2021-10-05,1559.945556640625
2021-10-06,1542.2064208984375
2021-10-07,1558.28662109375
2021-10-08,1588.55859375
2021-10-11,1558.2406005859375
2021-10-12,1552.89599609375
2021-10-13,1575.058349609375
2021-10-14,1581.0943603515625
2021-10-18,1651.498291015625
2021-10-19,1679.143798828125
2021-10-20,1660.8975830078125
2021-10-21,1616.0198974609375
2021-10-22,1584.826416015625
2021-10-25,1573.5379638671875
2021-10-26,1583.9039306640625
2021-10-27,1607.37841796875
2021-10-28,1584.0897216796875
2021-10-29,1550.481689453125
2021-11-01,1580.510498046875
2021-11-02,1578.51171875
2021-11-03,1582.7882080078125
2021-11-04,1588.55224609375
2021-11-08,1615.3270263671875
2021-11-09,1619.9755859375
2021-11-10,1617.7908935546875
2021-11-11,1611.4227294921875
2021-11-12,1655.0247802734375
2021-11-15,1661.486083984375
2021-11-16,1666.27392578125
2021-11-17,1661.7650146484375
2021-11-18,1654.2811279296875
2021-11-22,1635.6873779296875
2021-11-23,1614.7694091796875
2021-11-24,1576.7452392578125
2021-11-25,1601.2889404296875
2021-11-26,1572.7010498046875
2021-11-29,1577.070556640625
2021-11-30,1592.224609375
2021-12-01,1594.3162841796875
2021-12-02,1625.3214111328125
2021-12-03,1613.5145263671875
2021-12-06,1576.0946044921875
2021-12-07,1591.294921875
2021-12-08,1630.062744140625
2021-12-09,1639.4525146484375
2021-12-10,1635.5477294921875
2021-12-13,1621.974609375
2021-12-14,1628.9471435546875
2021-12-15,1612.25927734375
2021-12-16,1647.0294189453125
2021-12-17,1692.81640625
2021-12-20,1672.4097900390625
2021-12-21,1684.2169189453125
2021-12-22,1696.3956298828125
2021-12-23,1726.9822998046875
2021-12-24,1732.467529296875
2021-12-27,1734.93115234375
2021-12-28,1755.2447509765625
2021-12-29,1752.9671630859375
2021-12-30,1759.753662109375
2021-12-31,1755.0125732421875
2022-01-03,1764.9598388671875
2022-01-04,1765.61083984375
2022-01-05,1714.943115234375
2022-01-06,1689.9808349609375
2022-01-07,1686.72705078125
2022-01-10,1720.6141357421875
2022-01-11,1725.123046875
2022-01-12,1745.4365234375
2022-01-13,1763.426025390625
2022-01-14,1793.68701171875
2022-01-17,1803.12353515625
2022-01-18,1785.6920166015625
2022-01-19,1735.7677001953125
2022-01-20,1695.466064453125
2022-01-21,1660.1380615234375
2022-01-24,1614.6766357421875
2022-01-25,1601.0565185546875
2022-01-27,1560.568603515625
2022-01-28,1567.63427734375
2022-01-31,1614.1185302734375
2022-02-01,1647.4478759765625
2022-02-02,1661.4395751953125
2022-02-03,1616.3035888671875
2022-02-04,1618.674072265625
2022-02-07,1594.4093017578125
2022-02-08,1596.547607421875
2022-02-09,1615.141357421875
2022-02-10,1645.170166015625
2022-02-11,1600.312744140625
2022-02-14,1563.9156494140625
2022-02-15,1616.0245361328125
2022-02-16,1611.4227294921875
2022-02-17,1603.520263671875
2022-02-18,1586.92529296875
2022-02-21,1609.00537109375
2022-02-22,1612.3985595703125
2022-02-23,1620.301025390625
2022-02-24,1560.150390625
2022-02-25,1575.44384765625
2022-02-28,1594.96728515625
2022-03-02,1583.067138671875
2022-03-03,1599.8480224609375
2022-03-04,1602.125732421875
2022-03-07,1617.511962890625
2022-03-08,1653.1654052734375
2022-03-09,1685.8438720703125
2022-03-10,1697.5113525390625
2022-03-11,1693.8856201171875
2022-03-14,1757.7548828125
2022-03-15,1709.96923828125
2022-03-16,1756.5462646484375
2022-03-17,1724.1932373046875
2022-03-21,1722.752197265625
2022-03-22,1754.68701171875
2022-03-23,1740.74169921875
2022-03-24,1754.0361328125
2022-03-25,1744.5999755859375
2022-03-28,1742.1363525390625
2022-03-29,1753.3853759765625
2022-03-30,1770.0731201171875
2022-03-31,1772.769287109375
2022-04-01,1769.701416015625
2022-04-04,1750.5499267578125
2022-04-05,1730.236328125
2022-04-06,1700.25390625
2022-04-07,1683.6590576171875
2022-04-08,1687.005859375
2022-04-11,1642.3345947265625
2022-04-12,1619.9290771484375
2022-04-13,1625.6002197265625
2022-04-18,1507.3909912109375
2022-04-19,1452.1676025390625
2022-04-20,1476.0604248046875
2022-04-21,1504.9736328125
2022-04-22,1473.9686279296875
2022-04-25,1451.330810546875
2022-04-26,1469.83154296875
2022-04-27,1443.614501953125
2022-04-28,1471.319091796875
2022-04-29,1457.3275146484375
2022-05-02,1432.6441650390625
2022-05-04,1427.5775146484375
2022-05-05,1473.689697265625
2022-05-06,1434.364013671875
2022-05-09,1459.930419921875
2022-05-10,1443.8004150390625
2022-05-11,1419.3961181640625
2022-05-12,1402.708251953125
2022-05-13,1398.6175537109375
2022-05-16,1384.3934326171875
2022-05-17,1411.6796875
2022-05-18,1403.0802001953125
2022-05-19,1326.7996826171875
2022-05-20,1352.8306884765625
2022-05-23,1365.1490478515625
2022-05-24,1339.6756591796875
2022-05-25,1311.273681640625
2022-05-26,1323.824462890625
2022-05-27,1358.5947265625
2022-05-30,1419.4427490234375
2022-05-31,1412.677978515625
2022-06-01,1389.1429443359375
2022-06-02,1416.81201171875
2022-06-03,1429.6837158203125
2022-06-06,1437.52880859375
2022-06-07,1415.590576171875
2022-06-08,1409.2957763671875
2022-06-09,1423.388671875
2022-06-10,1387.4986572265625
2022-06-13,1338.3612060546875
2022-06-14,1353.4407958984375
2022-06-15,1336.2001953125
2022-06-16,1312.7119140625
2022-06-17,1303.41064453125
2022-06-20,1328.6370849609375
2022-06-21,1362.2252197265625
2022-06-22,1350.3402099609375
2022-06-23,1364.62109375
2022-06-24,1353.9573974609375
2022-06-27,1385.4315185546875
2022-06-28,1390.646240234375
2022-06-29,1374.7679443359375
2022-06-30,1373.4996337890625
2022-07-01,1389.94140625
2022-07-04,1398.0213623046875
2022-07-05,1386.7000732421875
2022-07-06,1401.450439453125
2022-07-07,1408.07421875
2022-07-08,1422.8719482421875
2022-07-11,1384.0692138671875
2022-07-12,1351.6085205078125
2022-07-13,1357.104736328125
2022-07-14,1342.4482421875
2022-07-15,1343.857421875
2022-07-18,1399.806396484375
2022-07-19,1394.404296875
2022-07-20,1423.6705322265625
2022-07-21,1440.206298828125
2022-07-22,1415.2147216796875
2022-07-25,1412.677978515625
2022-07-26,1363.399658203125
2022-07-27,1382.0963134765625
2022-07-28,1425.6436767578125
2022-07-29,1455.9903564453125
2022-08-01,1457.2587890625
2022-08-02,1450.25927734375
2022-08-03,1471.398681640625
2022-08-04,1503.15478515625
2022-08-05,1518.8919677734375
2022-08-08,1521.4757080078125
2022-08-10,1505.5506591796875
2022-08-11,1521.992431640625
2022-08-12,1497.7056884765625
2022-08-16,1499.9134521484375
2022-08-17,1509.120849609375
2022-08-18,1487.229736328125
2022-08-19,1500.524169921875
2022-08-22,1480.3712158203125
2022-08-23,1449.1318359375
2022-08-24,1444.528076171875
2022-08-25,1426.3482666015625
2022-08-26,1429.5426025390625
2022-08-29,1373.3587646484375
2022-08-30,1402.6719970703125
2022-09-01,1375.6605224609375
2022-09-02,1365.1378173828125
2022-09-05,1372.9359130859375
2022-09-06,1367.1107177734375
2022-09-07,1369.5067138671875
2022-09-08,1386.653076171875
2022-09-09,1420.2412109375
2022-09-12,1443.3067626953125
2022-09-13,1451.5277099609375
2022-09-14,1386.1832275390625
2022-09-15,1346.1593017578125
2022-09-16,1293.7803955078125
2022-09-19,1306.229248046875
2022-09-20,1304.5850830078125
2022-09-21,1293.968505859375
2022-09-22,1285.2308349609375
2022-09-23,1282.882080078125
2022-09-26,1296.787109375
2022-09-27,1309.2828369140625
2022-09-28,1310.3631591796875
2022-09-29,1314.0743408203125
2022-09-30,1327.9793701171875
2022-10-03,1309.4705810546875
2022-10-04,1342.96484375
2022-10-06,1367.15771484375
2022-10-07,1363.4466552734375
2022-10-10,1374.2042236328125
2022-10-11,1337.703369140625
2022-10-12,1342.3072509765625
2022-10-13,1334.0394287109375
2022-10-14,1385.102783203125
2022-10-17,1399.8533935546875
2022-10-18,1412.77197265625
2022-10-19,1395.62548828125
2022-10-20,1410.141357421875
2022-10-21,1409.7655029296875
2022-10-24,1426.0662841796875
2022-10-25,1434.0054931640625
2022-10-27,1447.4449462890625
2022-10-28,1437.2821044921875
2022-10-31,1460.457275390625
2022-11-01,1494.0325927734375
2022-11-02,1475.3216552734375
2022-11-03,1453.903564453125
2022-11-04,1437.9945068359375
2022-11-07,1431.7734375
2022-11-09,1435.3348388671875
2022-11-10,1426.5494384765625
2022-11-11,1491.2781982421875
2022-11-14,1505.715087890625
2022-11-15,1513.978271484375
2022-11-16,1522.336669921875
2022-11-17,1507.709716796875
2022-11-18,1513.408447265625
2022-11-21,1489.4736328125
2022-11-22,1505.4776611328125
2022-11-23,1503.6729736328125
2022-11-24,1547.981201171875
2022-11-25,1553.5374755859375
2022-11-28,1541.9024658203125
2022-11-29,1547.268798828125
2022-11-30,1552.8726806640625
2022-12-01,1573.91064453125
2022-12-02,1555.674560546875
2022-12-05,1557.4317626953125
2022-12-06,1531.9295654296875
2022-12-07,1524.901123046875
2022-12-08,1538.8155517578125
2022-12-09,1490.5184326171875
2022-12-12,1469.5277099609375
2022-12-13,1493.225341796875
2022-12-14,1500.111328125
2022-12-15,1463.1641845703125
2022-12-16,1445.7828369140625
2022-12-19,1431.6783447265625
2022-12-20,1431.6309814453125
2022-12-21,1433.76806640625
2022-12-22,1445.640380859375
2022-12-23,1421.94287109375
2022-12-26,1426.9769287109375
2022-12-27,1438.8018798828125
2022-12-28,1434.337890625
2022-12-29,1441.3663330078125
2022-12-30,1432.485595703125
2023-01-02,1447.492431640625
2023-01-03,1446.115234375
2023-01-04,1419.7584228515625
2023-01-05,1401.142333984375
2023-01-06,1375.7828369140625
2023-01-09,1409.927978515625
2023-01-10,1395.9659423828125
2023-01-11,1397.3905029296875
2023-01-12,1406.271240234375
2023-01-13,1428.1640625
2023-01-16,1448.9171142578125
2023-01-17,1462.2144775390625
2023-01-18,1467.8182373046875
2023-01-19,1461.64453125
2023-01-20,1448.9647216796875
2023-01-23,1470.2877197265625
2023-01-24,1473.9918212890625
2023-01-25,1465.5386962890625
2023-01-27,1442.8861083984375
2023-01-30,1461.5494384765625
2023-01-31,1456.7530517578125
2023-02-01,1473.2320556640625
2023-02-02,1504.242919921875
2023-02-03,1519.107177734375
2023-02-06,1491.040771484375
2023-02-07,1483.9647216796875
2023-02-08,1510.6541748046875
2023-02-09,1535.82373046875
2023-02-10,1527.7979736328125
2023-02-13,1488.76123046875
2023-02-14,1513.26611328125
2023-02-15,1516.8751220703125
2023-02-16,1521.38671875
2023-02-17,1504.2904052734375
2023-02-20,1512.5059814453125
2023-02-21,1500.206298828125
2023-02-22,1483.3948974609375
2023-02-23,1472.8521728515625
2023-02-24,1472.8045654296875
2023-02-27,1433.530517578125
2023-02-28,1412.8724365234375
2023-03-01,1420.9456787109375
2023-03-02,1398.245361328125
2023-03-03,1405.0364990234375
2023-03-06,1431.7734375
2023-03-08,1417.763671875
2023-03-09,1406.0814208984375
2023-03-10,1397.675537109375
2023-03-13,1363.055419921875
2023-03-14,1348.7135009765625
2023-03-15,1348.381103515625
2023-03-16,1333.6116943359375
2023-03-17,1349.3782958984375
2023-03-20,1333.184326171875
2023-03-21,1320.88427734375
2023-03-22,1319.5072021484375
2023-03-23,1305.5450439453125
2023-03-24,1311.3389892578125
2023-03-27,1319.22216796875
2023-03-28,1308.44189453125
2023-03-29,1314.09326171875
2023-03-31,1356.264404296875
2023-04-03,1340.022705078125
2023-04-05,1352.0853271484375
2023-04-06,1350.51806640625
2023-04-10,1355.931884765625
2023-04-11,1335.558837890625
2023-04-12,1356.5968017578125
2023-04-13,1319.4595947265625
2023-04-17,1195.1312255859375
2023-04-18,1196.1282958984375
2023-04-19,1170.34130859375
2023-04-20,1161.9832763671875
2023-04-21,1165.73486328125
2023-04-24,1164.7376708984375
2023-04-25,1163.4078369140625
2023-04-26,1165.9249267578125
2023-04-27,1183.6859130859375
2023-04-28,1189.8597412109375
2023-05-02,1213.3197021484375
2023-05-03,1205.436279296875
2023-05-04,1209.615478515625
2023-05-05,1195.8909912109375
2023-05-08,1202.0645751953125
2023-05-09,1206.908447265625
2023-05-10,1199.83251953125
2023-05-11,1193.04150390625
2023-05-12,1182.6888427734375
2023-05-15,1195.1785888671875
2023-05-16,1200.8299560546875
2023-05-17,1184.3033447265625
2023-05-18,1183.4486083984375
2023-05-19,1205.198974609375
2023-05-22,1227.899169921875
2023-05-23,1234.7852783203125
2023-05-24,1233.4554443359375
2023-05-25,1238.869384765625
2023-05-26,1251.311767578125
2023-05-29,1248.414794921875
2023-05-30,1257.390380859375
2023-05-31,1252.119140625
2023-06-01,1253.2587890625
2023-06-02,1250.37109375
2023-06-05,1255.665283203125
2023-06-06,1231.119873046875
2023-06-07,1240.697265625
2023-06-08,1234.777587890625
2023-06-09,1218.558349609375
2023-06-12,1243.5849609375
2023-06-13,1256.0020751953125
2023-06-14,1251.7188720703125
2023-06-15,1238.6278076171875
2023-06-16,1243.2962646484375
2023-06-19,1245.5582275390625
2023-06-20,1254.6064453125
2023-06-21,1250.7080078125
2023-06-22,1233.5743408203125
2023-06-23,1217.6439208984375
2023-06-26,1222.7935791015625
2023-06-27,1231.2642822265625
2023-06-28,1244.9326171875
2023-06-30,1285.504638671875
2023-07-03,1283.7720947265625
2023-07-04,1294.79345703125
2023-07-05,1296.863037109375
2023-07-06,1293.5902099609375
2023-07-07,1280.4029541015625
2023-07-10,1279.3924560546875
2023-07-11,1298.1142578125
2023-07-12,1283.3870849609375
2023-07-13,1313.9967041015625
2023-07-14,1372.5684814453125
2023-07-17,1369.680908203125
2023-07-18,1419.9749755859375
2023-07-19,1419.7342529296875
2023-07-20,1395.2369384765625
2023-07-21,1281.7506103515625
2023-07-24,1286.5635986328125
2023-07-25,1284.6383056640625
2023-07-26,1298.35498046875
2023-07-27,1302.4940185546875
2023-07-28,1290.3175048828125
2023-07-31,1304.948486328125
2023-08-01,1314.0927734375
2023-08-02,1306.0552978515625
2023-08-03,1313.2265625
2023-08-04,1326.75048828125
2023-08-07,1340.8521728515625
2023-08-08,1338.156982421875
2023-08-09,1342.19970703125
2023-08-10,1337.09814453125
2023-08-11,1320.493896484375
2023-08-14,1341.381591796875
2023-08-16,1365.3974609375
2023-08-17,1358.707763671875
2023-08-18,1336.8094482421875
2023-08-21,1352.7879638671875
2023-08-22,1351.19970703125
2023-08-23,1355.2425537109375
2023-08-24,1370.3065185546875
2023-08-25,1366.9376220703125
2023-08-28,1362.654296875
2023-08-29,1364.5794677734375
2023-08-30,1381.4241943359375
2023-08-31,1381.712890625
2023-09-01,1389.798583984375
2023-09-04,1410.2529296875
2023-09-05,1423.5364990234375
2023-09-06,1422.140625
2023-09-07,1411.3118896484375
2023-09-08,1414.5845947265625
2023-09-11,1421.1781005859375
2023-09-12,1444.9052734375
2023-09-13,1442.25830078125
2023-09-14,1450.5362548828125
2023-09-15,1455.01220703125
2023-09-18,1435.9534912109375
2023-09-20,1434.4615478515625
2023-09-21,1445.531005859375
2023-09-22,1440.1407470703125
2023-09-25,1418.96435546875
2023-09-26,1405.9696044921875
2023-09-27,1412.0819091796875
2023-09-28,1385.563232421875
2023-09-29,1381.712890625
2023-10-03,1380.3172607421875
2023-10-04,1390.27978515625
2023-10-05,1408.664794921875
2023-10-06,1423.34375
2023-10-09,1420.215576171875
2023-10-10,1439.1781005859375
2023-10-11,1438.456298828125
2023-10-12,1410.6380615234375
2023-10-13,1377.5740966796875
2023-10-16,1380.461669921875
2023-10-17,1388.450927734375
2023-10-18,1386.6221923828125
2023-10-19,1379.98046875
2023-10-20,1373.8199462890625
2023-10-23,1355.916259765625
2023-10-25,1335.830810546875
2023-10-26,1325.4954833984375
2023-10-27,1345.8734130859375
2023-10-30,1342.656005859375
2023-10-31,1334.221923828125
2023-11-01,1320.327880859375
2023-11-02,1335.9283447265625
2023-11-03,1354.356201171875
2023-11-06,1368.2503662109375
2023-11-07,1369.225341796875
2023-11-08,1356.257568359375
2023-11-09,1340.462158203125
2023-11-10,1334.66064453125
2023-11-13,1339.243408203125
2023-11-15,1375.2703857421875
2023-11-16,1408.811279296875
2023-11-17,1401.6448974609375
2023-11-20,1400.7186279296875
2023-11-21,1403.05859375
2023-11-22,1421.38916015625
2023-11-23,1413.0526123046875
2023-11-24,1401.4986572265625
2023-11-28,1406.6661376953125
2023-11-29,1423.14404296875
2023-11-30,1418.8052978515625
2023-12-01,1416.0264892578125
2023-12-04,1427.775390625
2023-12-05,1417.63525390625
2023-12-06,1437.47705078125
2023-12-07,1429.2867431640625
2023-12-08,1453.9061279296875
2023-12-11,1451.322265625
2023-12-12,1439.183349609375
2023-12-13,1412.808837890625
2023-12-14,1463.9488525390625
2023-12-15,1538.9769287109375
2023-12-18,1525.2777099609375
2023-12-19,1519.3790283203125
2023-12-20,1498.02587890625
2023-12-21,1497.635986328125
2023-12-22,1523.864013671875
2023-12-26,1505.3873291015625
2023-12-27,1527.9591064453125
2023-12-28,1523.6202392578125
2023-12-29,1504.363525390625
